Name,Voltage,Capacity,Energy,Thickness,Width,Length,Impedance,Tab Width,Tab Distance,Current,Weight,Note,Power,cap/gram,wh/gram,Duration
A10,1.4,90,126,,,,,,,,0.31,Zinc-Air,0,290.3225806,406.4516129,0.84
HCP300812,3.7,13,48.1,3,8.5,12.5,1200,1.5,5,3.083333333,0.5,"IEC62133,PSE,KC,CE,UL,UN38.3,FCC",11.40833333,26,96.2,0.320666667
A312,1.4,150,210,,,,,,,,0.54,Zinc-Air,0,277.7777778,388.8888889,1.4
HCP351013,3.7,15,55.5,3.5,9.8,13.5,1200,2,4,3.083333333,0.72,"IEC62133,PSE,KC,CE,UL,UN38.3,FCC",11.40833333,20.83333333,77.08333333,0.37
HCP371114,3.7,21,77.7,3.6,10.9,13.8,1400,2,5,2.642857143,0.84,"IEC62133,PSE,KC,CE,UL,UN38.3,FCC",9.778571429,25,92.5,0.518
A13,1.4,280,392,,,,,,,,0.84,Zinc-Air,0,333.3333333,466.6666667,2.613333333
BR435,3,50,150,4.2,35.9,3.5,,,,,0.85,"IEC62133,PSE,KC,CE,UL,UN38.3,FCC",0,58.82352941,176.4705882,1
HCP251515,3.7,28,103.6,2.5,15.5,15.5,850,2,9.3,4.352941176,0.9,"IEC62133,PSE,KC,CE,UL,UN38.3,FCC",16.10588235,31.11111111,115.1111111,0.690666667
HCP231715,3.7,25,92.5,2.3,17.5,15.5,700,2,10.5,5.285714286,0.9,"IEC62133,PSE,KC,CE,UL,UN38.3,FCC",19.55714286,27.77777778,102.7777778,0.616666667
HCP251020,3.7,25,92.5,2.7,10.8,20.8,700,2,4.5,5.285714286,0.9,"IEC62133,PSE,KC,CE,UL,UN38.3,FCC",19.55714286,27.77777778,102.7777778,0.616666667
HCP301215,3.7,25,92.5,3.2,12.5,15.5,700,2,4,5.285714286,0.97,"IEC62133,PSE,KC,CE,UL,UN38.3,FCC",19.55714286,25.77319588,95.36082474,0.616666667
HCP182030,3.7,45,166.5,1.8,20.5,30.5,450,2,9,8.222222222,1,"IEC62133,PSE,KC,CE,UL,UN38.3,FCC",30.42222222,45,166.5,1.11
HCP301317,3.7,40,148,3.5,12.5,16,500,2,5,7.4,1.09,"IEC62133,PSE,KC,CE,UL,UN38.3,FCC",27.38,36.69724771,135.7798165,0.986666667
HCP301020,3.7,30,111,3.2,11,20.8,600,2,4.5,6.166666667,1.1,"IEC62133,PSE,KC,CE,UL,UN38.3,FCC",22.81666667,27.27272727,100.9090909,0.74
HCP340923,3.7,40,148,3.4,9.3,23,500,2,4.5,7.4,1.13,"IEC62133,PSE,KC,CE,UL,UN38.3,FCC",27.38,35.39823009,130.9734513,0.986666667
9130,3.7,60,222,13,9,,,,,,1.2,,,50,185,1.48
CP1240,3.7,55,203.5,4,12.1,,,,,,1.2,,4.44,45.83333333,169.5833333,1.356666667
HCP381018,3.7,35,129.5,4,10.8,18.5,700,2,4,5.285714286,1.2,"IEC62133,PSE,KC,CE,UL,UN38.3,FCC",19.55714286,29.16666667,107.9166667,0.863333333
HCP401215,3.7,35,129.5,4,12.5,15.5,600,2,5,6.166666667,1.2,"IEC62133,PSE,KC,CE,UL,UN38.3,FCC",22.81666667,29.16666667,107.9166667,0.863333333
HCP321024,3.7,50,185,3.2,10.5,24.5,420,2,6.3,8.80952381,1.2,"IEC62133,PSE,KC,CE,UL,UN38.3,FCC",32.5952381,41.66666667,154.1666667,1.233333333
HCP381120,3.7,45,166.5,3.8,11.5,20.5,420,3,5,8.80952381,1.2,"IEC62133,PSE,KC,CE,UL,UN38.3,FCC",32.5952381,37.5,138.75,1.11
LR1130,1.5,70,105,,,,,,,#DIV/0!,1.2,,#DIV/0!,58.33333333,87.5,0.7
HCP250834,3.7,40,148,2.7,8.6,34.5,550,2,4,6.727272727,1.26,"IEC62133,PSE,KC,CE,UL,UN38.3,FCC",24.89090909,31.74603175,117.4603175,0.986666667
HCP351219,3.7,45,166.5,3.6,12.5,19,470,2,4.5,7.872340426,1.3,"IEC62133,PSE,KC,CE,UL,UN38.3,FCC",29.12765957,34.61538462,128.0769231,1.11
LIR1054,3.7,40,148,5.4,10,,,,,,1.3,,0,30.76923077,113.8461538,0.986666667
HCP401120,3.7,55,203.5,4.1,11.5,20.5,350,2,5,10.57142857,1.4,"IEC62133,PSE,KC,CE,UL,UN38.3,FCC",39.11428571,39.28571429,145.3571429,1.356666667
HCP401515,3.7,48,177.6,4.2,15.5,15.5,480,2,6,7.708333333,1.5,"IEC62133,PSE,KC,CE,UL,UN38.3,FCC",28.52083333,32,118.4,1.184
CP1254,3.7,77,284.9,5.4,12.1,,,,,,1.6,,5.92,48.125,178.0625,1.899333333
HCP501218,3.7,60,222,5,11.8,18,420,2,5,8.80952381,1.6,"IEC62133,PSE,KC,CE,UL,UN38.3,FCC",32.5952381,37.5,138.75,1.48
HCP401220,3.7,65,240.5,4.2,12.3,21,350,2,5,10.57142857,1.6,"IEC62133,PSE,KC,CE,UL,UN38.3,FCC",39.11428571,40.625,150.3125,1.603333333
LIR1454,3.7,85,314.5,5.4,14,,,,,,1.6,,0,53.125,196.5625,2.096666667
HCP451416,3.7,50,185,4.5,14.5,16,400,3,5,9.25,1.63,"IEC62133,PSE,KC,CE,UL,UN38.3,FCC",34.225,30.67484663,113.4969325,1.233333333
HCP501021,3.7,70,259,5,10.5,21.5,400,2,6.3,9.25,1.7,"IEC62133,PSE,KC,CE,UL,UN38.3,FCC",34.225,41.17647059,152.3529412,1.726666667
HCP401716,3.7,60,222,4,17,16,360,2,9,10.27777778,1.7,"IEC62133,PSE,KC,CE,UL,UN38.3,FCC",38.02777778,35.29411765,130.5882353,1.48
HCP301135,3.7,90,333,3,11.5,35.5,260,2,6.9,14.23076923,1.8,"IEC62133,PSE,KC,CE,UL,UN38.3,FCC",52.65384615,50,185,2.22
LIR1254,3.7,60,222,5.4,12,,,,,,1.8,,0,33.33333333,123.3333333,1.48
A675,1.4,620,868,,,,,,,16,1.82,Zinc-Air,22.4,340.6593407,476.9230769,5.786666667
HCP501220,3.7,85,314.5,5,12.5,20.5,300,2,5,12.33333333,1.9,"IEC62133,PSE,KC,CE,UL,UN38.3,FCC",45.63333333,44.73684211,165.5263158,2.096666667
HCP381525,3.7,90,333,3.8,15.5,25.5,240,2,6.5,15.41666667,2.02,"IEC62133,PSE,KC,CE,UL,UN38.3,FCC",57.04166667,44.55445545,164.8514851,2.22
HCP362018,3.7,90,333,3.6,19.8,18.5,300,2,9.5,12.33333333,2.06,"IEC62133,PSE,KC,CE,UL,UN38.3,FCC",45.63333333,43.68932039,161.6504854,2.22
HCP751717,3.7,110,407,7.5,17.5,17.5,270,2,9,13.7037037,2.2,"IEC62133,PSE,KC,CE,UL,UN38.3,FCC",50.7037037,50,185,2.713333333
HCP451225,3.7,100,370,4.6,12.5,25.5,270,2,5.3,13.7037037,2.2,"IEC62133,PSE,KC,CE,UL,UN38.3,FCC",50.7037037,45.45454545,168.1818182,2.466666667
HCP511419,3.7,90,333,5.1,14.5,19.5,260,2,8.7,14.23076923,2.2,"IEC62133,PSE,KC,CE,UL,UN38.3,FCC",52.65384615,40.90909091,151.3636364,2.22
HCP351624,3.7,90,333,3.5,16.5,24.5,300,2,6.5,12.33333333,2.21,"IEC62133,PSE,KC,CE,UL,UN38.3,FCC",45.63333333,40.7239819,150.678733,2.22
CP1454,3.7,114,421.8,5.4,14.1,,,,,,2.3,,8.51,49.56521739,183.3913043,2.812
AFPG804,3,165,495,2.5,20,,,,,,2.3,,6.9,71.73913043,215.2173913,3.3
HCP381920,3.7,90,333,3.8,19.5,20,300,2,8,12.33333333,2.31,"IEC62133,PSE,KC,CE,UL,UN38.3,FCC",45.63333333,38.96103896,144.1558442,2.22
HCP302222,3.7,100,370,3,22.5,22.5,260,2,8,14.23076923,2.37,"IEC62133,PSE,KC,CE,UL,UN38.3,FCC",52.65384615,42.19409283,156.1181435,2.466666667
HCP661515,3.7,85,314.5,6.6,15,15.5,390,3,7,9.487179487,2.39,"IEC62133,PSE,KC,CE,UL,UN38.3,FCC",35.1025641,35.56485356,131.5899582,2.096666667
HCP431035,3.7,110,407,4.3,10.5,35.5,270,2,4.5,13.7037037,2.4,"IEC62133,PSE,KC,CE,UL,UN38.3,FCC",50.7037037,45.83333333,169.5833333,2.713333333
?401430H,3.7,120,444,4,14,30,,,,#DIV/0!,2.4,,#DIV/0!,50,185,2.96
401430,3.7,100,370,3.9,14,30,,,,#DIV/0!,2.4,,#DIV/0!,41.66666667,154.1666667,2.466666667
?401528,3.7,100,370,4,15,28,,,,#DIV/0!,2.4,,#DIV/0!,41.66666667,154.1666667,2.466666667
HCP302323,3.7,130,481,3,23.5,23.5,200,3,13.5,18.5,2.5,"IEC62133,PSE,KC,CE,UL,UN38.3,FCC",68.45,52,192.4,3.206666667
HCP701522,3.7,130,481,7,15.5,22.5,200,2,5,18.5,2.5,"IEC62133,PSE,KC,CE,UL,UN38.3,FCC",68.45,52,192.4,3.206666667
HCP252525,3.7,95,351.5,2.5,25.5,25.5,280,3,15,13.21428571,2.54,"IEC62133,PSE,KC,CE,UL,UN38.3,FCC",48.89285714,37.4015748,138.3858268,2.343333333
HCP401135,3.7,120,444,4,12,35.5,220,2,5.3,16.81818182,2.6,"IEC62133,PSE,KC,CE,UL,UN38.3,FCC",62.22727273,46.15384615,170.7692308,2.96
BR2032,3,200,600,,,,,,,#DIV/0!,2.6,,#DIV/0!,76.92307692,230.7692308,4
HCP481624,3.7,120,444,4.8,16.5,24.5,200,2,5,18.5,2.62,"IEC62133,PSE,KC,CE,UL,UN38.3,FCC",68.45,45.80152672,169.4656489,2.96
HCP491132,3.7,145,536.5,4.9,11.8,32,200,2,5.5,18.5,2.8,"IEC62133,PSE,KC,CE,UL,UN38.3,FCC",68.45,51.78571429,191.6071429,3.576666667
?401235,3.7,120,444,4,11.5,34.5,,,,#DIV/0!,2.8,,#DIV/0!,42.85714286,158.5714286,2.96
HCP402025,3.7,140,518,3.9,20,25,70,2,9.5,52.85714286,2.9,"IEC62133,PSE,KC,CE,UL,UN38.3,FCC",195.5714286,48.27586207,178.6206897,3.453333333
CP1654,3.7,155,573.5,5.4,16.1,,,,,,3,,11.1,51.66666667,191.1666667,3.823333333
HCP262332,3.7,155,573.5,2.6,23.5,32.5,200,2,14.1,18.5,3,"IEC62133,PSE,KC,CE,UL,UN38.3,FCC",68.45,51.66666667,191.1666667,3.823333333
HCP402025,3.7,155,573.5,4,20.5,25.5,200,3,9.5,18.5,3,"IEC62133,PSE,KC,CE,UL,UN38.3,FCC",68.45,51.66666667,191.1666667,3.823333333
?501430,3.7,155,573.5,5,14,30,,,,#DIV/0!,3,,#DIV/0!,51.66666667,191.1666667,3.823333333
?451430,3.7,130,481,4.5,14,30,,,,#DIV/0!,3,,#DIV/0!,43.33333333,160.3333333,3.206666667
HCP442022,3.7,150,555,4.4,20.5,22.5,180,3,9.5,20.55555556,3.04,"IEC62133,PSE,KC,CE,UL,UN38.3,FCC",76.05555556,49.34210526,182.5657895,3.7
HCP272332,3.7,165,610.5,2.7,23.5,32.5,180,3,14,20.55555556,3.09,"IEC62133,PSE,KC,CE,UL,UN38.3,FCC",76.05555556,53.39805825,197.5728155,4.07
HCP252530,3.7,150,555,2.7,25.5,30.5,170,3,15,21.76470588,3.1,"IEC62133,PSE,KC,CE,UL,UN38.3,FCC",80.52941176,48.38709677,179.0322581,3.7
HCP621919,3.7,150,555,6.2,19.5,19.5,150,2,7,24.66666667,3.1,"IEC62133,PSE,KC,CE,UL,UN38.3,FCC",91.26666667,48.38709677,179.0322581,3.7
?402223,3.7,140,518,4,22,23,,,,#DIV/0!,3.1,,#DIV/0!,45.16129032,167.0967742,3.453333333
?302030,3.7,120,444,3,20,30,,,,#DIV/0!,3.1,,#DIV/0!,38.70967742,143.2258065,2.96
HCP601818,3.7,135,499.5,6,18,18.5,180,3,8,20.55555556,3.12,"IEC62133,PSE,KC,CE,UL,UN38.3,FCC",76.05555556,43.26923077,160.0961538,3.33
?402025,3.7,130,481,4,20,25,,,,#DIV/0!,3.2,,#DIV/0!,40.625,150.3125,3.206666667
HCP452023,3.7,150,555,4.5,20.5,23.5,200,2,9.5,18.5,3.3,"IEC62133,PSE,KC,CE,UL,UN38.3,FCC",68.45,45.45454545,168.1818182,3.7
HCP501235,3.7,150,555,5,12.5,35,200,2,5.3,18.5,3.3,"IEC62133,PSE,KC,CE,UL,UN38.3,FCC",68.45,45.45454545,168.1818182,3.7
HCP422025,3.7,150,555,4.2,20.5,25.5,170,3,9,21.76470588,3.3,"IEC62133,PSE,KC,CE,UL,UN38.3,FCC",80.52941176,45.45454545,168.1818182,3.7
HCP401440,3.7,190,703,4,14.5,40.5,160,3,6,23.125,3.3,"IEC62133,PSE,KC,CE,UL,UN38.3,FCC",85.5625,57.57575758,213.030303,4.686666667
HCP292332,3.7,180,666,2.9,23.5,32.5,160,2,14.1,23.125,3.3,"IEC62133,PSE,KC,CE,UL,UN38.3,FCC",85.5625,54.54545455,201.8181818,4.44
?422025,3.7,140,518,4.2,20,25,,,,#DIV/0!,3.4,,#DIV/0!,41.17647059,152.3529412,3.453333333
?381245,3.7,135,499.5,3.8,12,45,,,,#DIV/0!,3.4,,#DIV/0!,39.70588235,146.9117647,3.33
?352030,3.7,130,481,3.2,20,30,,,,#DIV/0!,3.4,,#DIV/0!,38.23529412,141.4705882,3.206666667
PP255,1.4,720,1008,,,,,,,,3.4,,0,211.7647059,296.4705882,6.72
HCP501232,3.7,145,536.5,5,12.5,32.5,220,4,5.5,16.81818182,3.5,"IEC62133,PSE,KC,CE,UL,UN38.3,FCC",62.22727273,41.42857143,153.2857143,3.576666667
HCP801223,3.7,155,573.5,8,12.5,23.5,170,2,7.5,21.76470588,3.5,"IEC62133,PSE,KC,CE,UL,UN38.3,FCC",80.52941176,44.28571429,163.8571429,3.823333333
HCP282730,3.7,200,740,2.8,27.5,30.5,160,2,16.5,23.125,3.5,"IEC62133,PSE,KC,CE,UL,UN38.3,FCC",85.5625,57.14285714,211.4285714,4.933333333
?451235,3.7,130,481,4.3,12,35,,,,#DIV/0!,3.5,,#DIV/0!,37.14285714,137.4285714,3.206666667
HCP232634,3.7,150,555,2.3,28.5,34.5,260,2,17,14.23076923,3.53,"IEC62133,PSE,KC,CE,UL,UN38.3,FCC",52.65384615,42.49291785,157.223796,3.7
HCP382030,3.7,190,703,3.8,20.5,30.5,150,3,9,24.66666667,3.53,"IEC62133,PSE,KC,CE,UL,UN38.3,FCC",91.26666667,53.82436261,199.1501416,4.686666667
HCP402030,3.7,180,666,4,20.5,30.5,130,3,9,28.46153846,3.6,"IEC62133,PSE,KC,CE,UL,UN38.3,FCC",105.3076923,50,185,4.44
?502223,3.7,160,592,5,22,23,,,,#DIV/0!,3.6,,#DIV/0!,44.44444444,164.4444444,3.946666667
HCP371058,3.7,160,592,3.7,10.8,58.5,250,3,4.5,14.8,3.65,"IEC62133,PSE,KC,CE,UL,UN38.3,FCC",54.76,43.83561644,162.1917808,3.946666667
HCP481435,3.7,200,740,4.8,14.5,35.5,160,2,8.7,23.125,3.7,"IEC62133,PSE,KC,CE,UL,UN38.3,FCC",85.5625,54.05405405,200,4.933333333
?401730,3.7,160,592,4,17,30,,,,#DIV/0!,3.7,,#DIV/0!,43.24324324,160,3.946666667
HCP302533,3.7,210,777,3,25.5,33.5,160,2,12,23.125,3.8,"IEC62133,PSE,KC,CE,UL,UN38.3,FCC",85.5625,55.26315789,204.4736842,5.18
?502025,3.7,180,666,5,20,25,,,,#DIV/0!,3.8,,#DIV/0!,47.36842105,175.2631579,4.44
?382030,3.7,170,629,3.8,20,30,,,,#DIV/0!,3.8,,#DIV/0!,44.73684211,165.5263158,4.193333333
?551235,3.7,150,555,5.5,12,34.8,,,,#DIV/0!,3.8,,#DIV/0!,39.47368421,146.0526316,3.7
?501235,3.7,140,518,5,12,35,,,,#DIV/0!,3.8,,#DIV/0!,36.84210526,136.3157895,3.453333333
?301445,3.7,110,407,3,14,45,,,,#DIV/0!,3.8,,#DIV/0!,28.94736842,107.1052632,2.713333333
4021,3.67,350,1284.5,,,,,,,8,3.9,,29.36,89.74358974,329.3589744,8.563333333
HCP402525,3.7,200,740,4,25.5,25.5,150,2,9,24.66666667,3.9,"IEC62133,PSE,KC,CE,UL,UN38.3,FCC",91.26666667,51.28205128,189.7435897,4.933333333
?401445,3.7,170,629,4,14,45,,,,#DIV/0!,3.9,,#DIV/0!,43.58974359,161.2820513,4.193333333
HCP263128,3.7,180,666,2.8,31.5,28.5,200,2,22,18.5,3.92,"IEC62133,PSE,KC,CE,UL,UN38.3,FCC",68.45,45.91836735,169.8979592,4.44
HCP253035,3.7,150,555,2.5,30.5,35.5,200,2,17,18.5,4,"IEC62133,PSE,KC,CE,UL,UN38.3,FCC",68.45,37.5,138.75,3.7
HCP283035,3.7,150,555,2.8,30.5,36,200,2,17,18.5,4,"IEC62133,PSE,KC,CE,UL,UN38.3,FCC",68.45,37.5,138.75,3.7
HCP451245,3.7,200,740,4.7,12.5,45.5,140,3,5,26.42857143,4,"IEC62133,PSE,KC,CE,UL,UN38.3,FCC",97.78571429,50,185,4.933333333
?402030,3.7,190,703,4,20,30,,,,#DIV/0!,4,,#DIV/0!,47.5,175.75,4.686666667
?302236,3.7,170,629,3,22,36,,,,#DIV/0!,4.1,,#DIV/0!,41.46341463,153.4146341,4.193333333
HCP801818,3.7,170,629,8.2,18,19,160,3,8,23.125,4.2,"IEC62133,PSE,KC,CE,UL,UN38.3,FCC",85.5625,40.47619048,149.7619048,4.193333333
?302730,3.7,170,629,3,27,30,,,,#DIV/0!,4.2,,#DIV/0!,40.47619048,149.7619048,4.193333333
?601235,3.7,170,629,6,12,35,,,,#DIV/0!,4.2,,#DIV/0!,40.47619048,149.7619048,4.193333333
HCP751723,3.7,180,666,7.5,17,23,80,3,7,46.25,4.4,"IEC62133,PSE,KC,CE,UL,UN38.3,FCC",171.125,40.90909091,151.3636364,4.44
HCP491735,3.7,260,962,4.9,17.5,35.5,150,3,7,24.66666667,4.45,"IEC62133,PSE,KC,CE,UL,UN38.3,FCC",91.26666667,58.42696629,216.1797753,6.413333333
HCP502030,3.7,250,925,5,20.5,30.5,100,3,9,37,4.5,"IEC62133,PSE,KC,CE,UL,UN38.3,FCC",136.9,55.55555556,205.5555556,6.166666667
?452030,3.7,210,777,4.5,20,30,,,,#DIV/0!,4.5,,#DIV/0!,46.66666667,172.6666667,5.18
LIR2430-100,3.7,100,370,,,,,,,#DIV/0!,4.5,,#DIV/0!,22.22222222,82.22222222,2.466666667
HCP551730,3.7,250,925,5.7,17.5,30.5,150,3,5,24.66666667,4.56,"IEC62133,PSE,KC,CE,UL,UN38.3,FCC",91.26666667,54.8245614,202.8508772,6.166666667
HCP402827,3.7,250,925,3.8,28.3,27,120,2,17,30.83333333,4.59,"IEC62133,PSE,KC,CE,UL,UN38.3,FCC",114.0833333,54.46623094,201.5250545,6.166666667
LTC-3PN,3.5,350,1225,,,,,,,1,4.6,,3.5,76.08695652,266.3043478,8.166666667
HCP352328,3.7,180,666,3.5,23.5,28.5,150,2,13.5,24.66666667,4.6,"IEC62133,PSE,KC,CE,UL,UN38.3,FCC",91.26666667,39.13043478,144.7826087,4.44
HCP402035,3.7,240,888,4.2,20.5,35.5,140,3,9,26.42857143,4.6,"IEC62133,PSE,KC,CE,UL,UN38.3,FCC",97.78571429,52.17391304,193.0434783,5.92
HCP502028,3.7,220,814,5.2,20.5,29,130,3,7,28.46153846,4.64,"IEC62133,PSE,KC,CE,UL,UN38.3,FCC",105.3076923,47.4137931,175.4310345,5.426666667
HCP382730,3.7,270,999,3.8,27.5,30.5,150,3,17,24.66666667,4.7,"IEC62133,PSE,KC,CE,UL,UN38.3,FCC",91.26666667,57.44680851,212.5531915,6.66
HCP701429,3.7,220,814,7.3,14.5,29.8,150,3,7,24.66666667,4.7,"IEC62133,PSE,KC,CE,UL,UN38.3,FCC",91.26666667,46.80851064,173.1914894,5.426666667
HCP552027,3.7,250,925,5.5,20.5,27.5,140,2,9,26.42857143,4.7,"IEC62133,PSE,KC,CE,UL,UN38.3,FCC",97.78571429,53.19148936,196.8085106,6.166666667
HCP452625,3.7,320,1184,4.5,26.5,25,110,3,14.3,33.63636364,4.7,"IEC62133,PSE,KC,CE,UL,UN38.3,FCC",124.4545455,68.08510638,251.9148936,7.893333333
?382035,3.7,210,777,3.8,20,35,,,,#DIV/0!,4.8,,#DIV/0!,43.75,161.875,5.18
HCP441547,3.7,270,999,4.4,15.5,47.5,140,3,6,26.42857143,4.81,"IEC62133,PSE,KC,CE,UL,UN38.3,FCC",97.78571429,56.13305613,207.6923077,6.66
HCP602025,3.7,240,888,6.2,20.5,25.5,130,3,7.5,28.46153846,4.9,"IEC62133,PSE,KC,CE,UL,UN38.3,FCC",105.3076923,48.97959184,181.2244898,5.92
HCP722022,3.7,250,925,7.2,20.5,22.5,120,2,6,30.83333333,4.9,"IEC62133,PSE,KC,CE,UL,UN38.3,FCC",114.0833333,51.02040816,188.7755102,6.166666667
?402035,3.7,230,851,4,20,35,,,,#DIV/0!,4.9,,#DIV/0!,46.93877551,173.6734694,5.673333333
BR2450,3,550,1650,,,,,,,0.03,5,Lithium Poly-Carbon Monofluoride,0.09,110,330,11
BL-4PN,3.6,400,1440,,,,,,,5,5,,18,80,288,9.6
4037,3.67,480,1761.6,,,,,,,10,5,,36.7,96,352.32,11.744
HCP722023,3.7,265,980.5,7.2,20.5,23.5,140,2,9,26.42857143,5,"IEC62133,PSE,KC,CE,UL,UN38.3,FCC",97.78571429,53,196.1,6.536666667
?362730,3.7,245,906.5,3.6,27,30,,,,#DIV/0!,5,,#DIV/0!,49,181.3,6.043333333
?482030,3.7,230,851,4.8,20,30,,,,#DIV/0!,5,,#DIV/0!,46,170.2,5.673333333
HCP252844,3.7,250,925,2.7,28.5,44.5,150,3,19,24.66666667,5.04,"IEC62133,PSE,KC,CE,UL,UN38.3,FCC",91.26666667,49.6031746,183.531746,6.166666667
HCP101722,3.7,270,999,10,17.5,22.5,130,2,7,28.46153846,5.1,"IEC62133,PSE,KC,CE,UL,UN38.3,FCC",105.3076923,52.94117647,195.8823529,6.66
?502527,3.7,250,925,5,24,26.8,,,,#DIV/0!,5.1,,#DIV/0!,49.01960784,181.372549,6.166666667
HCP431165,3.7,250,925,4.5,11.2,65.5,120,3,20,30.83333333,5.15,"IEC62133,PSE,KC,CE,UL,UN38.3,FCC",114.0833333,48.54368932,179.6116505,6.166666667
HCP303035,3.7,280,1036,3.2,30.5,35.5,120,3,17,30.83333333,5.2,"IEC62133,PSE,KC,CE,UL,UN38.3,FCC",114.0833333,53.84615385,199.2307692,6.906666667
HCP552030,3.7,280,1036,5.5,20.5,30.5,120,3,7.5,30.83333333,5.2,"IEC62133,PSE,KC,CE,UL,UN38.3,FCC",114.0833333,53.84615385,199.2307692,6.906666667
?502030,3.7,240,888,5,20,30,,,,#DIV/0!,5.3,,#DIV/0!,45.28301887,167.5471698,5.92
HCP432730,3.7,280,1036,4.3,27.5,30.5,130,2,16.5,28.46153846,5.4,"IEC62133,PSE,KC,CE,UL,UN38.3,FCC",105.3076923,51.85185185,191.8518519,6.906666667
HCP582030,3.7,300,1110,5.8,20.3,30.5,120,3,8.5,30.83333333,5.4,"IEC62133,PSE,KC,CE,UL,UN38.3,FCC",114.0833333,55.55555556,205.5555556,7.4
HCP602030,3.7,300,1110,6,20.5,30.5,90,3,7.5,41.11111111,5.4,"IEC62133,PSE,KC,CE,UL,UN38.3,FCC",152.1111111,55.55555556,205.5555556,7.4
?382730,3.7,260,962,3.8,27,30,,,,#DIV/0!,5.4,,#DIV/0!,48.14814815,178.1481481,6.413333333
?601245,3.7,250,925,6,12,45,,,,#DIV/0!,5.4,,#DIV/0!,46.2962963,171.2962963,6.166666667
HCP602323,3.7,250,925,6,23.5,23.5,120,2,12,30.83333333,5.5,"IEC62133,PSE,KC,CE,UL,UN38.3,FCC",114.0833333,45.45454545,168.1818182,6.166666667
HCP203040,3.7,210,777,2.5,36,40.5,100,3,20,37,5.5,"IEC62133,PSE,KC,CE,UL,UN38.3,FCC",136.9,38.18181818,141.2727273,5.18
HCP552724,3.7,340,1258,5.5,27,24,100,3,14.2,37,5.56,"IEC62133,PSE,KC,CE,UL,UN38.3,FCC",136.9,61.15107914,226.2589928,8.386666667
?401745,3.7,250,925,4,17,45,,,,#DIV/0!,5.6,,#DIV/0!,44.64285714,165.1785714,6.166666667
HCP702025,3.7,280,1036,7.2,20.5,25.5,140,3,7,26.42857143,5.65,"IEC62133,PSE,KC,CE,UL,UN38.3,FCC",97.78571429,49.55752212,183.3628319,6.906666667
HCP302938,3.7,300,1110,3,29.5,38.5,130,3,17,28.46153846,5.7,"IEC62133,PSE,KC,CE,UL,UN38.3,FCC",105.3076923,52.63157895,194.7368421,7.4
HCP502530,3.7,300,1110,5,25.5,30.5,100,2,12,37,5.8,"IEC62133,PSE,KC,CE,UL,UN38.3,FCC",136.9,51.72413793,191.3793103,7.4
?302248,3.7,240,888,3,22,48,,,,48,5.8,,177.6,41.37931034,153.1034483,5.92
HCP701245,3.7,300,1110,6.6,12.5,45.5,130,3,5,28.46153846,5.86,"IEC62133,PSE,KC,CE,UL,UN38.3,FCC",105.3076923,51.19453925,189.4197952,7.4
?582030,3.7,300,1110,5.8,20,30,,,,#DIV/0!,5.9,,#DIV/0!,50.84745763,188.1355932,7.4
HCP101821,3.7,270,999,10,18.5,21.5,150,2,11.1,24.66666667,6,"IEC62133,PSE,KC,CE,UL,UN38.3,FCC",91.26666667,45,166.5,6.66
?471745,3.7,300,1110,4.7,17,45,,,,#DIV/0!,6,,#DIV/0!,50,185,7.4
?602030,3.7,280,1036,6,20,30,,,,#DIV/0!,6,,#DIV/0!,46.66666667,172.6666667,6.906666667
HCP1524122,3.7,180,666,1.3,23.8,120,150,3,10.5,24.66666667,6.01,"IEC62133,PSE,KC,CE,UL,UN38.3,FCC",91.26666667,29.95008319,110.8153078,4.44
HCP452634,3.7,380,1406,4.7,25.6,34,85,3,14.5,43.52941176,6.1,"IEC62133,PSE,KC,CE,UL,UN38.3,FCC",161.0588235,62.29508197,230.4918033,9.373333333
?502035,3.7,300,1110,5,20,35,,,,#DIV/0!,6.1,,#DIV/0!,49.18032787,181.9672131,7.4
?382239,3.7,275,1017.5,3.9,21.5,38,,,,#DIV/0!,6.1,,#DIV/0!,45.08196721,166.8032787,6.783333333
HCP752323,3.7,340,1258,7.5,23.5,23.5,140,2,13.5,26.42857143,6.2,"IEC62133,PSE,KC,CE,UL,UN38.3,FCC",97.78571429,54.83870968,202.9032258,8.386666667
HCP502040,3.7,370,1369,5,20.5,40,120,3,8,30.83333333,6.2,"IEC62133,PSE,KC,CE,UL,UN38.3,FCC",114.0833333,59.67741935,220.8064516,9.126666667
HCP552133,3.7,330,1221,5.5,21.5,34,100,2,9,37,6.2,"IEC62133,PSE,KC,CE,UL,UN38.3,FCC",136.9,53.22580645,196.9354839,8.14
HCP622425,3.7,320,1184,6.1,24.5,26.7,110,3,12,33.63636364,6.23,"IEC62133,PSE,KC,CE,UL,UN38.3,FCC",124.4545455,51.36436597,190.0481541,7.893333333
HCP602428,3.7,400,1480,6,24.5,28.5,180,2,14.7,20.55555556,6.3,"IEC62133,PSE,KC,CE,UL,UN38.3,FCC",76.05555556,63.49206349,234.9206349,9.866666667
HCP401471,3.7,360,1332,4,14.5,71.5,120,2,6.5,30.83333333,6.47,"IEC62133,PSE,KC,CE,UL,UN38.3,FCC",114.0833333,55.64142195,205.8732612,8.88
?452533,3.7,300,1110,4.4,24.5,33.3,,,,#DIV/0!,6.6,,#DIV/0!,45.45454545,168.1818182,7.4
?501745,3.7,320,1184,5,17,45,,,,#DIV/0!,6.7,,#DIV/0!,47.76119403,176.7164179,7.893333333
HCP702525,3.7,330,1221,7,25.5,25.5,130,2,15.3,28.46153846,6.8,"IEC62133,PSE,KC,CE,UL,UN38.3,FCC",105.3076923,48.52941176,179.5588235,8.14
?582035,3.7,340,1258,5.8,19.2,34.5,,,,#DIV/0!,6.8,,#DIV/0!,50,185,8.386666667
PP355,1.4,1800,2520,,,,,,,,6.8,,0,264.7058824,370.5882353,16.8
?402933,3.7,320,1184,4,29,33,,,,64,6.9,,236.8,46.37681159,171.5942029,7.893333333
HCP342946,3.7,450,1665,3.4,28,46,90,3,16.5,41.11111111,6.93,"IEC62133,PSE,KC,CE,UL,UN38.3,FCC",152.1111111,64.93506494,240.2597403,11.1
HCP503030,3.7,400,1480,5,30.5,30.5,100,3,17,37,6.98,"IEC62133,PSE,KC,CE,UL,UN38.3,FCC",136.9,57.30659026,212.034384,9.866666667
HCP402447,3.7,445,1646.5,4,24.5,47.5,100,2,14.7,37,7,"IEC62133,PSE,KC,CE,UL,UN38.3,FCC",136.9,63.57142857,235.2142857,10.97666667
HCP552730,3.7,400,1480,5.5,27.8,30.5,90,3,13,41.11111111,7,"IEC62133,PSE,KC,CE,UL,UN38.3,FCC",152.1111111,57.14285714,211.4285714,9.866666667
HCP352065,3.7,400,1480,3.5,20.5,65.5,60,3,9,61.66666667,7,"IEC62133,PSE,KC,CE,UL,UN38.3,FCC",228.1666667,57.14285714,211.4285714,9.866666667
?601445,3.7,300,1110,6,14,45,,,,#DIV/0!,7,,#DIV/0!,42.85714286,158.5714286,7.4
HCP502734,3.7,420,1554,5,27.5,34.5,100,2,16.5,37,7.1,"IEC62133,PSE,KC,CE,UL,UN38.3,FCC",136.9,59.15492958,218.8732394,10.36
HCP283448,3.7,470,1739,2.8,34.8,48.5,90,2,23,41.11111111,7.1,"IEC62133,PSE,KC,CE,UL,UN38.3,FCC",152.1111111,66.1971831,244.9295775,11.59333333
HCP552535,3.7,430,1591,5.4,25.5,34.5,90,3,12,41.11111111,7.1,"IEC62133,PSE,KC,CE,UL,UN38.3,FCC",152.1111111,60.56338028,224.084507,10.60666667
HCP353046,3.7,550,2035,3.5,30.5,46.5,55,3,19,67.27272727,7.25,"IEC62133,PSE,KC,CE,UL,UN38.3,FCC",248.9090909,75.86206897,280.6896552,13.56666667
?482239,3.7,350,1295,4.7,21,39,,,,#DIV/0!,7.3,,#DIV/0!,47.94520548,177.3972603,8.633333333
HCP551752,3.7,450,1665,5.5,17.5,52.5,100,3,5,37,7.5,"IEC62133,PSE,KC,CE,UL,UN38.3,FCC",136.9,60,222,11.1
HCP602040,3.7,420,1554,6,20.5,40.5,70,3,7.5,52.85714286,7.5,"IEC62133,PSE,KC,CE,UL,UN38.3,FCC",195.5714286,56,207.2,10.36
LIR2477,3.7,200,740,,,,,,,#DIV/0!,7.5,,#DIV/0!,26.66666667,98.66666667,4.933333333
?451753,3.7,350,1295,4.5,16.5,52.5,,,,#DIV/0!,7.6,,#DIV/0!,46.05263158,170.3947368,8.633333333
HCP602533,3.7,450,1665,6,25.5,33.5,80,3,11,46.25,7.69,"IEC62133,PSE,KC,CE,UL,UN38.3,FCC",171.125,58.51755527,216.5149545,11.1
HCP802030,3.7,390,1443,8.2,20.5,30.8,140,3,6.5,26.42857143,7.7,"IEC62133,PSE,KC,CE,UL,UN38.3,FCC",97.78571429,50.64935065,187.4025974,9.62
HCP552626,3.7,300,1110,5.5,26.5,26.5,130,2,15.9,28.46153846,7.7,"IEC62133,PSE,KC,CE,UL,UN38.3,FCC",105.3076923,38.96103896,144.1558442,7.4
HCP302084,3.7,450,1665,3,20.5,84.5,100,2,12.3,37,7.8,"IEC62133,PSE,KC,CE,UL,UN38.3,FCC",136.9,57.69230769,213.4615385,11.1
HCP443038,3.7,500,1850,4.4,30.5,38.5,80,2,18.3,46.25,7.8,"IEC62133,PSE,KC,CE,UL,UN38.3,FCC",171.125,64.1025641,237.1794872,12.33333333
BR2477A,3,1000,3000,,,,,,,0.03,7.9,,0.09,126.5822785,379.7468354,20
HCP353445,3.7,470,1739,3.5,34.5,45.5,80,2,18,46.25,8,"IEC62133,PSE,KC,CE,UL,UN38.3,FCC",171.125,58.75,217.375,11.59333333
HCP723123,3.7,430,1591,7.2,31.5,23.5,80,3,20,46.25,8,"IEC62133,PSE,KC,CE,UL,UN38.3,FCC",171.125,53.75,198.875,10.60666667
BL-7PN-st,3.6,750,2700,,,,,,,,8,,0,93.75,337.5,18
?402248,3.7,350,1295,4,22,48,,,,,8,,0,43.75,161.875,8.633333333
HCP302083,3.7,420,1554,3,20.5,83.5,110,3,10,33.63636364,8.01,"IEC62133,PSE,KC,CE,UL,UN38.3,FCC",124.4545455,52.43445693,194.0074906,10.36
HCP902323,3.7,380,1406,9,23.5,24.5,100,4,8,37,8.08,"IEC62133,PSE,KC,CE,UL,UN38.3,FCC",136.9,47.02970297,174.009901,9.373333333
HCP451575,3.7,450,1665,4.5,15.4,75,100,2,6,37,8.11,"IEC62133,PSE,KC,CE,UL,UN38.3,FCC",136.9,55.48705302,205.3020962,11.1
HCP443040,3.7,450,1665,4.4,30.5,40.5,100,2,18.3,37,8.2,"IEC62133,PSE,KC,CE,UL,UN38.3,FCC",136.9,54.87804878,203.0487805,11.1
HCP423040,3.7,450,1665,4.4,30.5,40.5,75,3,13.5,49.33333333,8.2,"IEC62133,PSE,KC,CE,UL,UN38.3,FCC",182.5333333,54.87804878,203.0487805,11.1
HCP353048,3.7,500,1850,3.7,30.5,48.5,70,3,18,52.85714286,8.2,"IEC62133,PSE,KC,CE,UL,UN38.3,FCC",195.5714286,60.97560976,225.6097561,12.33333333
3B5700,3.93,900,3537,,,,,,,150,8.3,,589.5,108.4337349,426.1445783,23.58
HCP603030,3.7,500,1850,6,30.5,30.8,80,3,16,46.25,8.32,"IEC62133,PSE,KC,CE,UL,UN38.3,FCC",171.125,60.09615385,222.3557692,12.33333333
HCP702530,3.7,500,1850,7.2,25.5,30.5,100,3,11,37,8.33,"IEC62133,PSE,KC,CE,UL,UN38.3,FCC",136.9,60.0240096,222.0888355,12.33333333
HCP801740,3.7,470,1739,8,17.2,40.8,90,3,7,41.11111111,8.4,"IEC62133,PSE,KC,CE,UL,UN38.3,FCC",152.1111111,55.95238095,207.0238095,11.59333333
HCP652533,3.7,500,1850,6.7,25,33.5,80,3,11,46.25,8.4,"IEC62133,PSE,KC,CE,UL,UN38.3,FCC",171.125,59.52380952,220.2380952,12.33333333
HCP922126,3.7,400,1480,9.2,21.5,27.3,100,3,8,37,8.42,"IEC62133,PSE,KC,CE,UL,UN38.3,FCC",136.9,47.50593824,175.7719715,9.866666667
HCP652533,3.7,500,1850,6.7,25.5,33.5,80,3,11,46.25,8.42,"IEC62133,PSE,KC,CE,UL,UN38.3,FCC",171.125,59.3824228,219.7149644,12.33333333
HP-5134,3.6,1000,3600,,,,,,,10,8.5,,36,117.6470588,423.5294118,24
LS14250,3.6,1200,4320,,,,,,,35,8.5,,126,141.1764706,508.2352941,28.8
?303048,3.7,360,1332,13,30,48,,,,#DIV/0!,8.5,,#DIV/0!,42.35294118,156.7058824,8.88
HCP502742,3.7,580,2146,5,27.5,42.5,100,2,16.5,37,8.8,"IEC62133,PSE,KC,CE,UL,UN38.3,FCC",136.9,65.90909091,243.8636364,14.30666667
TLH-2450,3.6,550,1980,,,,,,,#DIV/0!,8.8,,#DIV/0!,62.5,225,13.2
HCP681362,3.7,530,1961,6.8,13.5,62,120,3,4,30.83333333,8.88,"IEC62133,PSE,KC,CE,UL,UN38.3,FCC",114.0833333,59.68468468,220.8333333,13.07333333
10450,3.6,800,2880,,,,,,,25,9,,90,88.88888889,320,19.2
HCP602365,3.7,800,2960,6,23.5,65.5,65,2,8.5,56.92307692,9,"IEC62133,PSE,KC,CE,UL,UN38.3,FCC",210.6153846,88.88888889,328.8888889,19.73333333
HCP553432,3.7,630,2331,5.3,34,32,60,3,15,61.66666667,9,"IEC62133,PSE,KC,CE,UL,UN38.3,FCC",228.1666667,70,259,15.54
ER2450-t,3.6,500,1800,,,,,,,#DIV/0!,9,,#DIV/0!,55.55555556,200,12
ER2450T,3.6,500,1800,,,,,,,#DIV/0!,9,,#DIV/0!,55.55555556,200,12
LTC-7P,3.5,750,2625,,,,,,,,9,,0,83.33333333,291.6666667,17.5
HCP702437,3.7,550,2035,7,24.5,37.5,100,2,13,37,9.1,"IEC62133,PSE,KC,CE,UL,UN38.3,FCC",136.9,60.43956044,223.6263736,13.56666667
HCP551656,3.7,500,1850,5.6,16.5,56.5,100,2,7.5,37,9.2,"IEC62133,PSE,KC,CE,UL,UN38.3,FCC",136.9,54.34782609,201.0869565,12.33333333
HCP602535,3.7,500,1850,6,25.5,35.5,150,2,12,24.66666667,9.3,"IEC62133,PSE,KC,CE,UL,UN38.3,FCC",91.26666667,53.76344086,198.9247312,12.33333333
HCP722238,3.7,600,2220,7.2,22.5,38.8,80,3,8.5,46.25,9.43,"IEC62133,PSE,KC,CE,UL,UN38.3,FCC",171.125,63.62672322,235.4188759,14.8
HCP753027,3.7,550,2035,7.5,30,27,70,3,15,52.85714286,9.48,"IEC62133,PSE,KC,CE,UL,UN38.3,FCC",195.5714286,58.01687764,214.6624473,13.56666667
HCP683030,3.7,590,2183,6.8,30.5,30.5,80,3,16,46.25,9.5,"IEC62133,PSE,KC,CE,UL,UN38.3,FCC",171.125,62.10526316,229.7894737,14.55333333
HCP303450,3.7,500,1850,3.2,34.5,50.5,100,3,23,37,9.6,"IEC62133,PSE,KC,CE,UL,UN38.3,FCC",136.9,52.08333333,192.7083333,12.33333333
HCP802828,3.7,570,2109,8,28.5,28.5,100,2,17.1,37,9.7,"IEC62133,PSE,KC,CE,UL,UN38.3,FCC",136.9,58.7628866,217.4226804,14.06
HCP433737,3.7,600,2220,4.4,38,37.5,100,3,25,37,9.78,"IEC62133,PSE,KC,CE,UL,UN38.3,FCC",136.9,61.34969325,226.993865,14.8
HCP652637,3.7,650,2405,6.5,26.5,38,110,3,13.5,33.63636364,9.8,"IEC62133,PSE,KC,CE,UL,UN38.3,FCC",124.4545455,66.32653061,245.4081633,16.03333333
HCP503240,3.7,735,2719.5,5,32.5,40.5,80,2,19.5,46.25,9.9,"IEC62133,PSE,KC,CE,UL,UN38.3,FCC",171.125,74.24242424,274.6969697,18.13
HCP602248,3.7,630,2331,6,22.5,48.8,80,3,9,46.25,9.9,"IEC62133,PSE,KC,CE,UL,UN38.3,FCC",171.125,63.63636364,235.4545455,15.54
QTC85,3.7,1000,3700,,,,,,,1,10,NMC,3.7,100,370,24.66666667
HCP723030,3.7,580,2146,7.2,30.5,30.5,100,2,16,37,10,"IEC62133,PSE,KC,CE,UL,UN38.3,FCC",136.9,58,214.6,14.30666667
HCP403448,3.7,700,2590,4,34.5,48.5,80,3,20,46.25,10,"IEC62133,PSE,KC,CE,UL,UN38.3,FCC",171.125,70,259,17.26666667
HCP303759,3.7,700,2590,3,37.5,59.5,70,3,26,52.85714286,10,"IEC62133,PSE,KC,CE,UL,UN38.3,FCC",195.5714286,70,259,17.26666667
HCP752238,3.7,600,2220,7.7,22.5,38.5,70,3,7,52.85714286,10,"IEC62133,PSE,KC,CE,UL,UN38.3,FCC",195.5714286,60,222,14.8
ER14250SM,3.6,650,2340,,,,,,,#DIV/0!,10,,#DIV/0!,65,234,15.6
HCP553040,3.7,680,2516,5.5,30.2,40.5,80,3,12,46.25,10.1,"IEC62133,PSE,KC,CE,UL,UN38.3,FCC",171.125,67.32673267,249.1089109,16.77333333
HCP502247,3.7,560,2072,5,22.5,47.5,80,3,9,46.25,10.2,"IEC62133,PSE,KC,CE,UL,UN38.3,FCC",171.125,54.90196078,203.1372549,13.81333333
HCP752240,3.7,650,2405,7.5,22.5,40.5,280,3,9,13.21428571,10.25,"IEC62133,PSE,KC,CE,UL,UN38.3,FCC",48.89285714,63.41463415,234.6341463,16.03333333
HCP692933,3.7,650,2405,6.9,29.5,33,70,3,14.8,52.85714286,10.48,"IEC62133,PSE,KC,CE,UL,UN38.3,FCC",195.5714286,62.02290076,229.4847328,16.03333333
HCP852040,3.7,650,2405,8.5,20.5,40.5,100,3,7,37,10.6,"IEC62133,PSE,KC,CE,UL,UN38.3,FCC",136.9,61.32075472,226.8867925,16.03333333
HCP603040,3.7,800,2960,6,30.5,40.5,65,3,15,56.92307692,10.8,"IEC62133,PSE,KC,CE,UL,UN38.3,FCC",210.6153846,74.07407407,274.0740741,19.73333333
HCP741362,3.7,620,2294,7.4,12.8,62,60,2,5,61.66666667,11,"IEC62133,PSE,KC,CE,UL,UN38.3,FCC",228.1666667,56.36363636,208.5454545,15.29333333
HCP623035,3.7,600,2220,6.2,30.5,35.8,70,2,18.3,52.85714286,11.1,"IEC62133,PSE,KC,CE,UL,UN38.3,FCC",195.5714286,54.05405405,200,14.8
HCP803030,3.7,700,2590,8,30.5,30.5,100,2,18.3,37,11.2,"IEC62133,PSE,KC,CE,UL,UN38.3,FCC",136.9,62.5,231.25,17.26666667
HCP503442,3.7,750,2775,5.2,34.5,42.5,70,3,20.5,52.85714286,11.4,"IEC62133,PSE,KC,CE,UL,UN38.3,FCC",195.5714286,65.78947368,243.4210526,18.5
HCP541780,3.7,680,2516,5.4,17,80,70,3,8,52.85714286,11.46,"IEC62133,PSE,KC,CE,UL,UN38.3,FCC",195.5714286,59.33682373,219.5462478,16.77333333
HCP353943,3.7,630,2331,3.5,39.5,43.5,100,3,28,37,11.5,"IEC62133,PSE,KC,CE,UL,UN38.3,FCC",136.9,54.7826087,202.6956522,15.54
HCP982827,3.7,630,2331,9.8,28.5,27.5,100,2,17.1,37,11.5,"IEC62133,PSE,KC,CE,UL,UN38.3,FCC",136.9,54.7826087,202.6956522,15.54
PP425,1.4,3600,5040,,,,,,,40,11.7,,56,307.6923077,430.7692308,33.6
HCP451885,3.7,730,2701,4.6,19,85.8,80,3,7,46.25,11.7,"IEC62133,PSE,KC,CE,UL,UN38.3,FCC",171.125,62.39316239,230.8547009,18.00666667
HCP323450,3.7,500,1850,3.2,34,50,60,3,21,61.66666667,11.7,"IEC62133,PSE,KC,CE,UL,UN38.3,FCC",228.1666667,42.73504274,158.1196581,12.33333333
HCP503040,3.7,600,2220,5,30.5,40.5,80,3,17.2,46.25,11.8,"IEC62133,PSE,KC,CE,UL,UN38.3,FCC",171.125,50.84745763,188.1355932,14.8
HCP372775,3.7,750,2775,3.7,27.1,76,70,3,14,52.85714286,11.92,"IEC62133,PSE,KC,CE,UL,UN38.3,FCC",195.5714286,62.91946309,232.8020134,18.5
HCP601665,3.7,560,2072,6,16.5,65.5,100,4,6.5,37,12,"IEC62133,PSE,KC,CE,UL,UN38.3,FCC",136.9,46.66666667,172.6666667,13.81333333
HCP562360,3.7,800,2960,5.6,23.5,60.5,70,3,8.5,52.85714286,12,"IEC62133,PSE,KC,CE,UL,UN38.3,FCC",195.5714286,66.66666667,246.6666667,19.73333333
HCP481695,3.7,740,2738,4.9,16.5,95.5,80,3,7,46.25,12.05,"IEC62133,PSE,KC,CE,UL,UN38.3,FCC",171.125,61.41078838,227.219917,18.25333333
HCP444837,3.7,900,3330,4.4,48,37,55,3,36,67.27272727,12.19,"IEC62133,PSE,KC,CE,UL,UN38.3,FCC",248.9090909,73.83100902,273.1747334,22.2
HCP553640,3.7,850,3145,5.4,36,40,60,3,14,61.66666667,12.24,"IEC62133,PSE,KC,CE,UL,UN38.3,FCC",228.1666667,69.44444444,256.9444444,20.96666667
HCP306044,3.7,900,3330,3,60,44,50,3,47,74,12.36,"IEC62133,PSE,KC,CE,UL,UN38.3,FCC",273.8,72.81553398,269.4174757,22.2
HCP383562,3.7,900,3330,3.8,35.5,62.5,80,2,21.3,46.25,12.6,"IEC62133,PSE,KC,CE,UL,UN38.3,FCC",171.125,71.42857143,264.2857143,22.2
HCP1052535,3.7,900,3330,10.5,25.5,35.5,70,4,7.5,52.85714286,12.7,"IEC62133,PSE,KC,CE,UL,UN38.3,FCC",195.5714286,70.86614173,262.2047244,22.2
HCP603442,3.7,900,3330,6,34.5,42.5,60,3,20,61.66666667,12.9,"IEC62133,PSE,KC,CE,UL,UN38.3,FCC",228.1666667,69.76744186,258.1395349,22.2
HCP103225,3.7,800,2960,10.4,32,25,60,3,13.3,61.66666667,12.98,"IEC62133,PSE,KC,CE,UL,UN38.3,FCC",228.1666667,61.63328197,228.0431433,19.73333333
HCP852044,3.7,670,2479,8.5,20.5,44.5,80,2,7.5,46.25,13,"IEC62133,PSE,KC,CE,UL,UN38.3,FCC",171.125,51.53846154,190.6923077,16.52666667
HCP703040,3.7,900,3330,7,30.5,40.5,65,2,14,56.92307692,13,"IEC62133,PSE,KC,CE,UL,UN38.3,FCC",210.6153846,69.23076923,256.1538462,22.2
BR-2/3A,3,1200,3600,,,,,,,#DIV/0!,13,,#DIV/0!,92.30769231,276.9230769,24
HCP462558,3.7,720,2664,4.6,25.5,58.5,80,2,11.5,46.25,13.1,"IEC62133,PSE,KC,CE,UL,UN38.3,FCC",171.125,54.96183206,203.3587786,17.76
HCP235471,3.7,800,2960,2.3,54.5,71.5,70,3,39,52.85714286,13.18,"IEC62133,PSE,KC,CE,UL,UN38.3,FCC",195.5714286,60.69802731,224.5827011,19.73333333
HCP473455,3.7,900,3330,4.7,34.5,55.5,80,2,20.7,46.25,13.5,"IEC62133,PSE,KC,CE,UL,UN38.3,FCC",171.125,66.66666667,246.6666667,22.2
HCP652948,3.7,900,3330,6.5,29.5,48.5,60,3,14.4,61.66666667,13.57,"IEC62133,PSE,KC,CE,UL,UN38.3,FCC",228.1666667,66.32277082,245.394252,22.2
HCP663837,3.7,850,3145,6.6,38.5,37.5,80,2,20,46.25,14.3,"IEC62133,PSE,KC,CE,UL,UN38.3,FCC",171.125,59.44055944,219.9300699,20.96666667
HCP803040,3.7,900,3330,8,30.5,40.5,65,3,13.9,56.92307692,14.4,"IEC62133,PSE,KC,CE,UL,UN38.3,FCC",210.6153846,62.5,231.25,22.2
HCP334561,3.7,900,3330,3.3,45.5,61.5,75,3,33,49.33333333,14.41,"IEC62133,PSE,KC,CE,UL,UN38.3,FCC",182.5333333,62.45662734,231.0895212,22.2
HCP902248,3.7,900,3330,9,22.5,48.8,60,3,8,61.66666667,14.53,"IEC62133,PSE,KC,CE,UL,UN38.3,FCC",228.1666667,61.94081211,229.1810048,22.2
HCP354069,3.7,900,3330,3.5,40.5,69.5,70,2,24.3,52.85714286,14.8,"IEC62133,PSE,KC,CE,UL,UN38.3,FCC",195.5714286,60.81081081,225,22.2
3B0027,3.9,1600,6240,,,,,,,50,15,,195,106.6666667,416,41.6
HCP833535,3.7,950,3515,8.3,35,35,65,3,18,56.92307692,15.86,"IEC62133,PSE,KC,CE,UL,UN38.3,FCC",210.6153846,59.89911728,221.6267339,23.43333333
BL-16N,3.6,1600,5760,,,,,,,,16,,0,100,360,38.4
TLH 5934,3.6,900,3240,,,,,,,10,16.3,,36,55.21472393,198.7730061,21.6
TL-5134,3.6,1000,3600,,,,,,,#DIV/0!,16.8,,#DIV/0!,59.52380952,214.2857143,24
HCP803040,3.7,950,3515,8,30.5,40.5,60,3,14,61.66666667,17.3,"IEC62133,PSE,KC,CE,UL,UN38.3,FCC",228.1666667,54.9132948,203.1791908,23.43333333
HCP653441,3.7,950,3515,6.5,34.5,41.5,65,2,20,56.92307692,17.4,"IEC62133,PSE,KC,CE,UL,UN38.3,FCC",210.6153846,54.59770115,202.0114943,23.43333333
HCP354847,3.7,950,3515,3.5,48.5,47.5,65,3,28,56.92307692,17.5,"IEC62133,PSE,KC,CE,UL,UN38.3,FCC",210.6153846,54.28571429,200.8571429,23.43333333
HCP543257,3.7,950,3515,5.4,32.5,57.5,65,3,16,56.92307692,17.5,"IEC62133,PSE,KC,CE,UL,UN38.3,FCC",210.6153846,54.28571429,200.8571429,23.43333333
PT-2100,3.6,2400,8640,,,,,,,100,17.6,,360,136.3636364,490.9090909,57.6
HCP304980,3.7,500,1850,3,49.5,80.5,120,2,29.7,30.83333333,17.9,"IEC62133,PSE,KC,CE,UL,UN38.3,FCC",114.0833333,27.93296089,103.3519553,12.33333333
HCP623536,3.7,900,3330,6.2,35.5,36.5,80,3,22,46.25,18,"IEC62133,PSE,KC,CE,UL,UN38.3,FCC",171.125,50,185,22.2
HCP423744,3.7,800,2960,4.2,37.5,44.5,60,4,18.5,61.66666667,18,"IEC62133,PSE,KC,CE,UL,UN38.3,FCC",228.1666667,44.44444444,164.4444444,19.73333333
ER32L65J,3.6,1000,3600,,,,,,,10,19,,36,52.63157895,189.4736842,24
4204,3.67,1500,5505,,,,,,,20,19,,73.4,78.94736842,289.7368421,36.7
LTC-7PMP,3.5,1500,5250,,,,,,,#DIV/0!,20,,#DIV/0!,75,262.5,35
HCP295572,3.7,1570,5809,2.9,55.5,72.5,60,4,33,61.66666667,22.9,"IEC62133,PSE,KC,CE,UL,UN38.3,FCC",228.1666667,68.55895197,253.6681223,38.72666667
ER32100,3.6,1700,6120,,,,,,,#DIV/0!,24,,#DIV/0!,70.83333333,255,40.8
HCP323293,3.7,1000,3700,3.2,32,93,50,3,19,74,24.38,"IEC62133,PSE,KC,CE,UL,UN38.3,FCC",273.8,41.01722724,151.7637408,24.66666667
HCP534740,3.7,1000,3700,5.3,47.8,40,60,3,34,61.66666667,25.94,"IEC62133,PSE,KC,CE,UL,UN38.3,FCC",228.1666667,38.55050116,142.6368543,24.66666667
3B0665,3.93,2700,10611,,,,,,,250,26,,982.5,103.8461538,408.1153846,70.74
HCP105253,3.7,900,3330,10,52.5,53.5,80,2,31.5,46.25,42.1,"IEC62133,PSE,KC,CE,UL,UN38.3,FCC",171.125,21.37767221,79.09738717,22.2
HCP102327,3.7,580,2146,10,23.5,27.5,2,14.1,9.7,1850,43.1,"IEC62133,PSE,KC,CE,UL,UN38.3,FCC",6845,13.45707657,49.79118329,14.30666667
